Workbook

Sheet Product_Master
A1: Product ID | B1: Product Name | C1: Category | D1: Purchase Price | E1: Selling Price
A2: ="P00" & TEXT(ROW() - ROW(Table1[[#Headers],[Product ID]]), "0;-0") -> P001 | B2: Vivo V40 | C2: Smartphone | D2: 20000 | E2: 24000
A3: ="P00" & TEXT(ROW() - ROW(Table1[[#Headers],[Product ID]]), "0;-0") -> P002 | B3: Samsung Galaxy M35 | C3: Smartphone | D3: 15000 | E3: 18000
A4: ="P00" & TEXT(ROW() - ROW(Table1[[#Headers],[Product ID]]), "0;-0") -> P003 | B4: LG Smart TV 43 | C4: Television | D4: 25000 | E4: 30000
A5: ="P00" & TEXT(ROW() - ROW(Table1[[#Headers],[Product ID]]), "0;-0") -> P004 | B5: Bluetooth Earbuds | C5: Accessories | D5: 1000 | E5: 1500
A1048574: z

Sheet Purchase_Data
A1: Date | B1: Supplier | C1: Product ID | D1: Product Name | E1: Quantity | F1: Purchase Price | G1: Total Amount
A2: 01-04-2025 | B2: Samsung Distributors | C2: P002 | D2: Samsung Galaxy M35 | E2: 20 | F2: =VLOOKUP(C2,Product_Master!A2:E5,4,FALSE) -> 15000 | G2: =E2*F2 -> 300000
A3: 01-04-2025 | B3: LG Electronics Supplier | C3: P003 | D3: LG Smart TV 43 | E3: 10 | F3: =VLOOKUP(C3,Product_Master!A3:E6,4,FALSE) -> 25000 | G3: =E3*F3 -> 250000
A4: 01-04-2025 | B4: Vivo Wholesale Pvt Ltd | C4: P001 | D4: Vivo V40 | E4: 15 | F4: =VLOOKUP(C4,Product_Master!A2:E5,4,FALSE) -> 20000 | G4: =E4*F4 -> 300000

Sheet Sales_Data
A1: Date | B1: Customer | C1: Product ID | D1: Product Name | E1: Quantity | F1: Selling Price | G1: Total Amount
A2: 45661 | B2: Patel Electronics | C2: P001 | D2: Vivo V40 | E2: 15 | F2: =VLOOKUP(C2,Product_Master!$A:$E,5,FALSE) -> 24000 | G2: =E2*F2 -> 360000
A3: 45661 | B3: Om Mobile Store | C3: P002 | D3: Samsung Galaxy M35 | E3: 3 | F3: =VLOOKUP(C3,Product_Master!$A:$E,5,FALSE) -> 18000 | G3: =E3*F3 -> 54000
A4: 45661 | B4: Smart World Retail | C4: P003 | D4: LG Smart TV 43 | E4: 2 | F4: =VLOOKUP(C4,Product_Master!$A:$E,5,FALSE) -> 30000 | G4: =E4*F4 -> 60000
A5: 45661 | B5: Patel Electronics | C5: P001 | D5: Vivo V40 | E5: 4 | F5: =VLOOKUP(C5,Product_Master!$A:$E,5,FALSE) -> 24000 | G5: =E5*F5 -> 96000

Sheet Inventory
A1: Product ID | B1: Product Name | C1: Purchased Qty | D1: Sold Qty | E1: Closing Stock
A2: P001 | B2: =VLOOKUP(A2,Product_Master!A:E,2,FALSE) -> Vivo V40 | C2: =SUMIF(Purchase_Data!$C:$C,A2,Purchase_Data!$E:$E) -> 15 | D2: =SUMIF(Sales_Data!$C:$C,A2,Sales_Data!$E:$E) -> 19 | E2: =C2-D2 -> -4
A3: P002 | B3: =VLOOKUP(A3,Product_Master!A:E,2,FALSE) -> Samsung Galaxy M35 | C3: =SUMIF(Purchase_Data!$C:$C,A3,Purchase_Data!$E:$E) -> 20 | D3: =SUMIF(Sales_Data!$C:$C,A3,Sales_Data!$E:$E) -> 3 | E3: =C3-D3 -> 17
A4: P003 | B4: =VLOOKUP(A4,Product_Master!A:E,2,FALSE) -> LG Smart TV 43 | C4: =SUMIF(Purchase_Data!$C:$C,A4,Purchase_Data!$E:$E) -> 10 | D4: =SUMIF(Sales_Data!$C:$C,A4,Sales_Data!$E:$E) -> 2 | E4: =C4-D4 -> 8
A5: P004 | B5: =VLOOKUP(A5,Product_Master!A:E,2,FALSE) -> Bluetooth Earbuds | C5: =SUMIF(Purchase_Data!$C:$C,A5,Purchase_Data!$E:$E) -> 0 | D5: =SUMIF(Sales_Data!$C:$C,A5,Sales_Data!$E:$E) -> 0 | E5: =C5-D5 -> 0

Sheet Dashboard
A1: Inventory Management Dashboard
A3: Total Purchase Value | B3: =SUM(Purchase_Data!G2:G4) -> 850000 | D3: Category | E3: Amount
D4: Purchase | E4: =B3 -> 850000
A5: Total Sales Value | B5: =SUM(Sales_Data!G2:G5) -> 570000 | D5: Sales | E5: =B5 -> 570000
A7: Total Products | B7: =COUNTA(Product_Master!A2:A5) -> 4
A9: Current Stock | B9: =SUM(Inventory!E2:E5) -> 21
